Map,Datetime,Player Count Start,Player Count End,Time Played
dr_cocainum_xmas_morning_final,01/02/2026 0:29,31,26,32
dr_supermarket_v4b,01/02/2026 1:01,26,30,32
dr_hawk_tuah_b2ah,01/02/2026 1:33,30,28,31
dr_breadland_v3b,01/02/2026 2:04,28,25,32
dr_bank_v13,01/02/2026 2:36,25,25,32
dr_office_skial_ultimate_final,01/02/2026 3:08,25,21,25
dr_supermarket_v4b,01/02/2026 3:33,21,26,35
dr_lazytown_xmas,01/02/2026 4:08,26,17,30
dr_newgrounds_hq_xmas,01/02/2026 4:38,17,8,31
dr_la_meltdown_3c,01/02/2026 5:09,8,14,36
dr_playstation_final,01/02/2026 5:45,14,12,35
dr_ancient_memes,01/02/2026 6:20,12,23,34
dr_supermarket_v4b,01/02/2026 6:54,23,27,35
dr_ytmnd,01/02/2026 7:29,27,32,35
dr_digital_circus_v2b,01/02/2026 8:04,32,23,34
dr_berlin_redux_v8d2,01/02/2026 8:38,23,28,13
dr_stupidity_v3d,01/02/2026 8:51,28,26,36
dr_supermarket_v4b,01/02/2026 9:27,26,27,31
dr_weedfortress_b5b,01/02/2026 9:58,27,26,33
dr_scprun_v3_fix,01/02/2026 10:31,26,29,36
dr_office_skial_ultimate_final,01/02/2026 11:07,29,31,38
dr_ytmnd,01/02/2026 11:45,31,32,30
dr_supermarket_v4b,01/02/2026 12:15,32,25,35
dr_playstation_final,01/02/2026 12:50,25,29,63
dr_lazytown_xmas,01/02/2026 13:53,29,31,31
dr_stupidity_v3d,01/02/2026 14:24,31,26,34
dr_weedfortress_b5b,01/02/2026 14:58,26,30,32
dr_digital_circus_v2b,01/02/2026 15:30,30,27,33
dr_playstation_final,01/02/2026 16:03,27,32,63
dr_lazytown_xmas,01/02/2026 17:06,32,32,31
dr_la_meltdown_3c,01/02/2026 17:37,32,32,35
dr_birmingham_b5,01/02/2026 18:12,32,30,34
dr_digital_circus_v2b,01/02/2026 18:46,30,32,35
dr_lazytown_xmas,01/02/2026 19:21,32,32,32
dr_junglemines_v7,01/02/2026 19:53,32,32,31
dr_ancient_memes,01/02/2026 20:24,32,32,31
dr_birmingham_b5,01/02/2026 20:55,32,31,34
dr_cocainum_xmas_morning_final,01/02/2026 21:29,31,25,31
dr_playstation_final,01/02/2026 22:00,25,27,66
dr_lazytown_xmas,01/02/2026 23:06,27,32,35
dr_birmingham_b5,01/02/2026 23:41,32,31,
dr_pq_122,02/02/2026 0:13,31,26,31
dr_pokemon_b3c,02/02/2026 0:44,26,15,35
dr_bank_v13,02/02/2026 1:19,15,23,33
dr_junglemines_v7,02/02/2026 1:52,23,23,32
dr_newgrounds_hq_xmas,02/02/2026 2:24,23,18,32
dr_supermarket_v4b,02/02/2026 2:56,18,11,31
dr_playstation_final,02/02/2026 3:27,11,14,66
dr_birmingham_b5,02/02/2026 4:33,14,10,33
dr_office_skial_ultimate_final,02/02/2026 5:06,10,24,36
dr_hawk_tuah_b2ah,02/02/2026 5:42,24,26,31
dr_digital_circus_v2b,02/02/2026 6:13,26,27,35
dr_birmingham_b5,02/02/2026 6:48,27,25,32
dr_ancient_memes,02/02/2026 7:20,25,21,35
dr_pq_122,02/02/2026 7:55,21,11,17
dr_newgrounds_hq_xmas,02/02/2026 8:12,11,3,15
dr_playstation_final,02/02/2026 8:27,3,6,3
dr_supermarket_v4b,02/02/2026 13:45,6,14,34
dr_playstation_final,02/02/2026 14:19,14,6,61
dr_lazytown_xmas,02/02/2026 15:20,6,13,32
dr_pq_122,02/02/2026 15:52,13,25,34
dr_windows_xp_skial_edition_fin,02/02/2026 16:26,25,22,32
dr_safety_first_final,02/02/2026 16:58,22,25,34
dr_ytmnd,02/02/2026 17:32,25,32,37
dr_supermarket_v4b,02/02/2026 18:09,32,32,34
dr_playstation_final,02/02/2026 18:43,32,31,32
dr_la_meltdown_3c,02/02/2026 19:15,31,29,35
dr_pokemon_b3c,02/02/2026 19:50,29,28,31
dr_birmingham_b5,02/02/2026 20:21,28,28,33
dr_playstation_final,02/02/2026 20:54,28,24,66
dr_weedfortress_b5b,02/02/2026 22:00,24,31,34
dr_pokemon_b3c,02/02/2026 22:34,31,28,36
dr_boomershooter_b9_skial,02/02/2026 23:10,28,27,35
dr_junglemines_v7,02/02/2026 23:45,27,,
dr_birmingham_b5,03/02/2026 0:18,30,25,32
dr_aztecan_redux_v3,03/02/2026 0:50,25,30,31
dr_pq_122,03/02/2026 1:21,30,27,33
dr_traffic_jam_v2b,03/02/2026 1:54,27,21,32
dr_lazytown_xmas,03/02/2026 2:26,21,20,32
dr_playstation_final,03/02/2026 2:58,20,15,36
dr_pokemon_b3c,03/02/2026 3:34,15,16,35
dr_super_mario_bros_v2e,03/02/2026 4:09,16,16,32
dr_office_skial_ultimate_final,03/02/2026 4:41,16,25,31
dr_lazytown_xmas,03/02/2026 5:12,25,28,35
dr_birmingham_b5,03/02/2026 5:47,28,21,34
dr_pq_122,03/02/2026 6:21,21,15,37
dr_supermarket_v4b,03/02/2026 6:58,15,28,33
dr_traffic_jam_v2b,03/02/2026 7:31,28,20,31
dr_playstation_final,03/02/2026 8:02,20,30,32
dr_birmingham_b5,03/02/2026 8:34,30,26,32
dr_breadland_v3b,03/02/2026 9:06,26,26,31
dr_pokemon_b3c,03/02/2026 9:37,26,22,35
dr_supermarket_v4b,03/02/2026 10:12,22,19,31
dr_birmingham_b5,03/02/2026 10:43,19,22,37
dr_office_skial_ultimate_final,03/02/2026 11:20,22,21,31
dr_hill_billy_v1ye,03/02/2026 11:51,21,21,32
dr_spongebob_tf2_v2a,03/02/2026 12:23,21,25,31
dr_birmingham_b5,03/02/2026 12:54,25,24,32
dr_digital_circus_v2b,03/02/2026 13:26,24,26,30
dr_weedfortress_b5b,03/02/2026 13:56,26,24,30
dr_ytmnd,03/02/2026 14:26,24,29,39
dr_birmingham_b5,03/02/2026 15:05,29,29,33
dr_pq_122,03/02/2026 15:38,29,30,35
dr_lazytown_xmas,03/02/2026 16:13,30,30,31
dr_supermarket_v4b,03/02/2026 16:44,30,26,32
dr_ancient_memes,03/02/2026 17:16,26,26,30
dr_playstation_final,03/02/2026 17:46,26,29,32
dr_birmingham_b5,03/02/2026 18:18,29,29,37
dr_bazinga_remake_b1b,03/02/2026 18:55,29,30,31
dr_spongebob_tf2_v2a,03/02/2026 19:26,30,29,21
dr_junglemines_v7,03/02/2026 19:47,29,32,34
dr_la_meltdown_3c,03/02/2026 20:21,32,30,37
dr_boomershooter_b9_skial,03/02/2026 20:58,30,21,33
dr_lazytown_xmas,03/02/2026 21:31,21,23,34
dr_cocainum_xmas_morning_final,03/02/2026 22:05,23,27,31
dr_bazinga_remake_b1b,03/02/2026 22:36,27,30,32
dr_nostalgia_roblox_v2a,03/02/2026 23:08,30,32,33
dr_ancient_memes,03/02/2026 23:41,32,31,36
dr_lazytown_xmas,04/02/2026 0:16,31,30,36
dr_trump_tower_redux_v2b,04/02/2026 0:52,30,20,30
dr_windows_xp_skial_edition_fin,04/02/2026 1:22,20,22,22
dr_nostalgia_roblox_v2a,04/02/2026 1:44,22,22,33
dr_lazytown_xmas,04/02/2026 2:17,22,28,35
dr_birmingham_b5,04/02/2026 2:52,28,26,32
dr_skibidi_toilet_xmas_fix2b1,04/02/2026 3:24,26,19,34
dr_bank_v13,04/02/2026 3:58,19,22,30
dr_ytmnd,04/02/2026 4:28,22,29,34
dr_stupidity_v3d,04/02/2026 5:02,29,19,32
dr_weedfortress_b5b,04/02/2026 5:34,19,24,36
dr_berlin_redux_v8d2,04/02/2026 6:10,24,26,32
dr_newgrounds_hq_xmas,04/02/2026 6:42,26,31,33
dr_lazytown_xmas,04/02/2026 7:15,31,27,34
dr_playstation_final,04/02/2026 7:49,27,15,31
dr_berlin_redux_v8d2,04/02/2026 8:20,15,23,33
dr_digital_circus_v2b,04/02/2026 8:53,23,26,33
dr_bank_v13,04/02/2026 9:26,26,19,32
dr_playstation_final,04/02/2026 9:58,19,32,62
dr_lazytown_xmas,04/02/2026 11:00,32,29,35
dr_trump_tower_redux_v2b,04/02/2026 11:35,29,26,38
dr_portal2_b9,04/02/2026 12:13,26,23,33
dr_weedfortress_b5b,04/02/2026 12:46,23,26,32
dr_birmingham_b5,04/02/2026 13:18,26,29,34
dr_ancient_memes,04/02/2026 13:52,29,31,41
dr_berlin_redux_v8d2,04/02/2026 14:33,31,24,35
dr_windows_xp_skial_edition_fin,04/02/2026 15:08,24,30,36
dr_spongebob_tf2_v2a,04/02/2026 15:44,30,30,31
dr_scprun_v3_fix,04/02/2026 16:15,30,21,32
dr_ytmnd,04/02/2026 16:47,21,28,31
dr_nostalgia_roblox_v2a,04/02/2026 17:18,28,32,33
dr_pq_122,04/02/2026 17:51,32,32,32
dr_spongebob_tf2_v2a,04/02/2026 18:23,32,31,31
dr_digital_circus_v2b,04/02/2026 18:54,31,32,32
dr_birmingham_b5,04/02/2026 19:26,32,32,33
dr_junglemines_v7,04/02/2026 19:59,32,32,33
dr_la_meltdown_3c,04/02/2026 20:32,32,32,38
dr_playstation_final,04/02/2026 21:10,32,27,32
dr_stupidity_v3d,04/02/2026 21:42,27,31,33
dr_hawk_tuah_b2ah,04/02/2026 22:15,31,32,30
dr_office_skial_ultimate_final,04/02/2026 22:45,32,30,37
dr_birmingham_b5,04/02/2026 23:22,30,32,33
dr_supermarket_v4b,04/02/2026 23:55,32,26,33
dr_ancient_memes,05/02/2026 0:28,26,26,37
dr_pq_122,05/02/2026 1:05,26,13,33
dr_lazytown_xmas,05/02/2026 1:38,13,15,30
dr_junglemines_v7,05/02/2026 2:08,15,9,35
dr_pokemon_b3c,05/02/2026 2:43,9,4,30
dr_super_mario_bros_v2e,05/02/2026 3:13,4,11,18
dr_birmingham_b5,05/02/2026 3:31,11,20,34
dr_office_skial_ultimate_final,05/02/2026 4:05,20,17,36
dr_hawk_tuah_b2ah,05/02/2026 4:41,17,18,34
dr_supermarket_v4b,05/02/2026 5:15,18,11,34
dr_hill_billy_v1ye,05/02/2026 5:49,11,15,14
dr_berlin_redux_v8d2,05/02/2026 6:03,15,15,32
dr_hawk_tuah_b2ah,05/02/2026 6:35,15,28,38
dr_weedfortress_b5b,05/02/2026 7:13,28,23,15
dr_birmingham_b5,05/02/2026 7:28,23,23,32
dr_cocainum_xmas_morning_final,05/02/2026 8:00,23,31,31
dr_diddydoit_v1_2,05/02/2026 8:31,31,21,32
dr_playstation_final,05/02/2026 9:03,21,21,33
dr_birmingham_b5,05/02/2026 9:36,21,31,35
dr_ytmnd,05/02/2026 10:11,31,27,31
dr_lazytown_xmas,05/02/2026 10:42,27,22,31
dr_bank_v13,05/02/2026 11:13,22,32,32
dr_office_skial_ultimate_final,05/02/2026 11:45,32,29,35
dr_supermarket_v4b,05/02/2026 12:20,29,32,35
dr_breadland_v3b,05/02/2026 12:55,32,27,32
dr_pq_122,05/02/2026 13:27,27,31,33
dr_birmingham_b5,05/02/2026 14:00,31,27,31
dr_office_skial_ultimate_final,05/02/2026 14:31,27,29,33
dr_hawk_tuah_b2ah,05/02/2026 15:04,29,28,32
dr_lazytown_xmas,05/02/2026 15:36,28,26,33
dr_berlin_redux_v8d2,05/02/2026 16:09,26,31,37
dr_supermarket_v4b,05/02/2026 16:46,31,31,37
dr_diddydoit_v1_2,05/02/2026 17:23,31,32,34
dr_tf2_museum_v5_skial,05/02/2026 17:57,32,31,27
dr_weedfortress_b5b,05/02/2026 18:24,31,32,30
dr_bazinga_remake_b1b,05/02/2026 18:54,32,31,12
dr_pokemon_b3c,05/02/2026 19:06,31,32,36
dr_lazytown_xmas,05/02/2026 19:42,32,31,30
dr_supermarket_v4b,05/02/2026 20:12,31,32,39
dr_digital_circus_v2b,05/02/2026 20:51,32,22,32
dr_la_meltdown_3c,05/02/2026 21:23,22,18,33
dr_playstation_final,05/02/2026 21:56,18,26,37
dr_lazytown_xmas,05/02/2026 22:33,26,28,32
dr_super_mario_bros_v2e,05/02/2026 23:05,28,21,35
dr_weedfortress_b5b,05/02/2026 23:40,21,25,32
dr_supermarket_v4b,06/02/2026 0:12,25,30,36
dr_birmingham_b5,06/02/2026 0:48,30,29,33
dr_pq_122,06/02/2026 1:21,29,26,32
dr_squid_game_v2a,06/02/2026 1:53,26,30,18
dr_among_us_v2a,06/02/2026 2:11,30,32,13
dr_junglemines_v7,06/02/2026 2:24,32,28,33
dr_lazytown_xmas,06/02/2026 2:57,28,31,31
dr_digital_circus_v2b,06/02/2026 3:28,31,21,34
dr_ytmnd,06/02/2026 4:02,21,19,32
dr_scprun_v3_fix,06/02/2026 4:34,19,19,13
dr_weedfortress_b5b,06/02/2026 4:47,19,21,26
dr_playstation_final,06/02/2026 5:13,21,23,62
dr_berlin_redux_v8d2,06/02/2026 6:15,23,20,32
dr_ancient_memes,06/02/2026 6:47,20,28,37
dr_supermarket_v4b,06/02/2026 7:24,28,25,31
dr_tf2_museum_v5_skial,06/02/2026 7:55,25,16,32
dr_hawk_tuah_b2ah,06/02/2026 8:27,16,25,34
dr_lazytown_xmas,06/02/2026 9:01,25,26,32
dr_spongebob_tf2_v2a,06/02/2026 9:33,26,27,31
dr_ancient_memes,06/02/2026 10:04,27,27,39
dr_super_mario_bros_v2e,06/02/2026 10:43,27,30,30
dr_lazytown_xmas,06/02/2026 11:13,30,31,35
dr_newgrounds_hq_xmas,06/02/2026 11:48,31,29,32
dr_playstation_final,06/02/2026 12:20,29,29,31
dr_weedfortress_b5b,06/02/2026 12:51,29,28,34
dr_trump_tower_redux_v2b,06/02/2026 13:25,28,25,33
dr_lazytown_xmas,06/02/2026 13:58,25,26,30
dr_playstation_final,06/02/2026 14:28,26,27,34
dr_supermarket_v4b,06/02/2026 15:02,27,29,32
dr_birmingham_b5,06/02/2026 15:34,29,30,36
dr_digital_circus_v2b,06/02/2026 16:10,30,31,33
dr_trump_tower_redux_v2b,06/02/2026 16:43,31,32,31
dr_lazytown_xmas,06/02/2026 17:14,32,28,35
dr_hawk_tuah_b2ah,06/02/2026 17:49,28,26,2
dr_birmingham_b5,06/02/2026 17:51,26,32,33
dr_berlin_redux_v8d2,06/02/2026 18:24,32,25,36
dr_weedfortress_b5b,06/02/2026 19:00,25,31,31
dr_la_meltdown_3c,06/02/2026 19:31,31,31,36
dr_junglemines_v7,06/02/2026 20:07,31,32,33
dr_supermarket_v4b,06/02/2026 20:40,32,31,35
dr_playstation_final,06/02/2026 21:15,31,32,34
dr_nostalgia_roblox_v2a,06/02/2026 21:49,32,28,36
dr_ancient_memes,06/02/2026 22:25,28,28,32
dr_pokemon_b3c,06/02/2026 22:57,28,28,37
dr_lazytown_xmas,06/02/2026 23:34,28,30,
dr_birmingham_b5,07/02/2026 0:08,25,30,34
dr_pq_122,07/02/2026 0:42,30,24,32
dr_junglemines_v7,07/02/2026 1:14,24,25,31
dr_supermarket_v4b,07/02/2026 1:45,25,26,30
dr_lazytown_xmas,07/02/2026 2:15,26,21,33
dr_minecraft_movie_b9,07/02/2026 2:48,21,31,16
dr_ancient_memes,07/02/2026 3:04,31,27,34
dr_super_mario_bros_v2e,07/02/2026 3:38,27,24,32
dr_birmingham_b5,07/02/2026 4:10,24,17,31
dr_ytmnd,07/02/2026 4:41,17,27,37
dr_minecraft_movie_b9,07/02/2026 5:18,27,31,31
dr_portal2_b9,07/02/2026 5:49,31,23,33
dr_weedfortress_b5b,07/02/2026 6:22,23,31,30
dr_office_skial_ultimate_final,07/02/2026 6:52,31,29,36
dr_junglemines_v7,07/02/2026 7:28,29,25,34
dr_bazinga_remake_b1b,07/02/2026 8:02,25,24,18
dr_birmingham_b5,07/02/2026 8:20,24,28,37
dr_newgrounds_hq_xmas,07/02/2026 8:57,28,28,33
dr_skibidi_toilet_xmas_fix2b1,07/02/2026 9:30,28,32,34
dr_lazytown_xmas,07/02/2026 10:04,32,30,31
dr_ancient_memes,07/02/2026 10:35,30,29,35
dr_office_skial_ultimate_final,07/02/2026 11:10,29,28,34
dr_hawk_tuah_b2ah,07/02/2026 11:44,28,32,34
dr_bazinga_remake_b1b,07/02/2026 12:18,32,32,33
dr_lazytown_xmas,07/02/2026 12:51,32,30,33
dr_supermarket_v4b,07/02/2026 13:24,30,28,33
dr_portal2_b9,07/02/2026 13:57,28,30,37
dr_tf2_museum_v5_skial,07/02/2026 14:34,30,30,13
dr_nostalgia_roblox_v2a,07/02/2026 14:47,30,32,18
dr_bank_v13,07/02/2026 15:05,32,32,18
dr_supermarket_v4b,07/02/2026 15:23,32,32,38
dr_digital_circus_v2b,07/02/2026 16:01,32,30,32
dr_lazytown_xmas,07/02/2026 16:33,30,27,33
dr_weedfortress_b5b,07/02/2026 17:06,27,31,17
dr_minecraft_movie_b9,07/02/2026 17:23,31,26,75
dr_trump_tower_redux_v2b,07/02/2026 18:38,26,29,37
dr_playstation_final,07/02/2026 19:15,29,32,65
dr_junglemines_v7,07/02/2026 20:20,32,30,31
dr_la_meltdown_3c,07/02/2026 20:51,30,32,34
dr_birmingham_b5,07/02/2026 21:25,32,27,33
dr_hawk_tuah_b2ah,07/02/2026 21:58,27,29,20
dr_pq_122,07/02/2026 22:18,29,22,33
dr_digital_circus_v2b,07/02/2026 22:51,22,27,33
dr_weedfortress_b5b,07/02/2026 23:24,27,28,32
dr_lazytown_xmas,07/02/2026 23:56,28,26,32
dr_stupidity_v3d,08/02/2026 0:28,26,28,36
dr_ancient_memes,08/02/2026 1:04,29,26,34
dr_supermarket_v4b,08/02/2026 1:38,30,29,32
dr_birmingham_b5,08/02/2026 2:10,26,30,31
dr_nostalgia_roblox_v2a,08/02/2026 2:41,25,26,33
dr_la_meltdown_3c,08/02/2026 3:14,28,25,36
dr_digital_circus_v2b,08/02/2026 3:50,25,28,33
dr_among_us_v2a,08/02/2026 4:23,23,25,31
dr_stupidity_v3d,08/02/2026 4:54,21,23,35
dr_supermarket_v4b,08/02/2026 5:29,29,21,33
dr_birmingham_b5,08/02/2026 6:02,18,29,30
dr_hawk_tuah_b2ah,08/02/2026 6:32,23,18,29
dr_berlin_redux_v8d2,08/02/2026 7:01,30,23,35
dr_trump_tower_redux_v2b,08/02/2026 7:36,16,30,16
dr_supermarket_v4b,08/02/2026 7:52,5,16,23
dr_super_mario_bros_v2e,08/02/2026 8:15,5,5,31
dr_boomershooter_b9_skial,08/02/2026 8:46,7,5,32
dr_nostalgia_roblox_v2a,08/02/2026 9:18,12,7,33
dr_weedfortress_b5b,08/02/2026 9:51,25,12,33
dr_berlin_redux_v8d2,08/02/2026 10:24,21,25,33
dr_office_skial_ultimate_final,08/02/2026 10:57,27,21,33
dr_lazytown_xmas,08/02/2026 11:30,27,27,33
dr_portal2_b9,08/02/2026 12:03,22,27,35
dr_weedfortress_b5b,08/02/2026 12:38,25,22,32
dr_pq_122,08/02/2026 13:10,27,25,32
dr_junglemines_v7,08/02/2026 13:42,27,27,34
dr_playstation_final,08/02/2026 14:16,30,27,37
dr_supermarket_v4b,08/02/2026 14:53,31,30,33
dr_lazytown_xmas,08/02/2026 15:26,32,31,32
dr_ancient_memes,08/02/2026 15:58,31,32,36
dr_berlin_redux_v8d2,08/02/2026 16:34,32,31,32
dr_digital_circus_v2b,08/02/2026 17:06,28,32,32
dr_tf2_museum_v5_skial,08/02/2026 17:38,32,28,34
dr_pq_122,08/02/2026 18:12,31,32,36
dr_squid_game_v2a,08/02/2026 18:48,31,31,36
dr_birmingham_b5,08/02/2026 19:24,31,31,38
dr_la_meltdown_3c,08/02/2026 20:02,32,31,31
dr_junglemines_v7,08/02/2026 20:33,32,32,30
dr_boomershooter_b9_skial,08/02/2026 21:03,25,32,34
dr_supermarket_v4b,08/02/2026 21:37,30,25,32
dr_weedfortress_b5b,08/02/2026 22:09,31,30,32
dr_lazytown_xmas,08/02/2026 22:41,31,31,35
dr_junglemines_v7,08/02/2026 23:16,27,31,32
dr_birmingham_b5,08/02/2026 23:48,26,27,33
dr_hawk_tuah_b2ah,09/02/2026 0:21,26,26,24
dr_skibidi_toilet_xmas_fix2b1,09/02/2026 0:45,26,26,36
dr_pq_122,09/02/2026 1:21,22,26,33
dr_newgrounds_hq_xmas,09/02/2026 1:54,24,22,37
dr_berlin_redux_v8d2,09/02/2026 2:31,20,24,32
dr_stupidity_v3d,09/02/2026 3:03,24,20,32
dr_pokemon_b3c,09/02/2026 3:35,20,24,31
dr_pq_122,09/02/2026 4:06,12,20,32
dr_supermarket_v4b,09/02/2026 4:38,13,12,32
dr_junglemines_v7,09/02/2026 5:10,16,13,31
dr_portal2_b9,09/02/2026 5:41,14,16,33
dr_trump_tower_redux_v2b,09/02/2026 6:14,22,14,31
dr_cocainum_xmas_morning_final,09/02/2026 6:45,26,22,27
dr_playstation_final,09/02/2026 7:12,27,26,68
dr_supermarket_v4b,09/02/2026 8:20,30,27,31
dr_bazinga_remake_b1b,09/02/2026 8:51,29,30,23
dr_stupidity_v3d,09/02/2026 9:14,29,29,33
dr_pq_122,09/02/2026 9:47,30,29,32
dr_aztecan_redux_v3,09/02/2026 10:19,18,30,22
dr_birmingham_b5,09/02/2026 10:41,18,18,33
dr_lazytown_xmas,09/02/2026 11:14,26,18,32
dr_breadland_v3b,09/02/2026 11:46,30,26,33
dr_digital_circus_v2b,09/02/2026 12:19,25,30,33
dr_stupidity_v3d,09/02/2026 12:52,25,25,32
dr_supermarket_v4b,09/02/2026 13:24,19,25,65
dr_lazytown_xmas,09/02/2026 14:29,9,19,32
dr_pq_122,09/02/2026 15:01,10,9,35
dr_portal2_b9,09/02/2026 15:36,18,10,33
dr_berlin_redux_v8d2,09/02/2026 16:09,26,18,39
dr_bazinga_remake_b1b,09/02/2026 16:48,29,26,34
dr_ancient_memes,09/02/2026 17:22,26,29,33
dr_birmingham_b5,09/02/2026 17:55,32,26,34
dr_boomershooter_b9_skial,09/02/2026 18:29,31,32,32
dr_playstation_final,09/02/2026 19:01,30,31,38
dr_weedfortress_b5b,09/02/2026 19:39,28,30,30
dr_la_meltdown_3c,09/02/2026 20:09,32,28,32
dr_junglemines_v7,09/02/2026 20:41,30,32,32
dr_lazytown_xmas,09/02/2026 21:13,27,30,32
dr_supermarket_v4b,09/02/2026 21:45,28,27,32
dr_playstation_final,09/02/2026 22:17,30,28,34
dr_pq_122,09/02/2026 22:51,26,30,33
dr_la_meltdown_3c,09/02/2026 23:24,15,26,31
dr_supermarket_v4b,09/02/2026 23:55,19,15,
dr_lazytown_xmas,10/02/2026 0:32,22,19,34
dr_newgrounds_hq_xmas,10/02/2026 1:06,29,22,35
dr_bazinga_remake_b1b,10/02/2026 1:41,29,29,37
dr_breadland_v3b,10/02/2026 2:18,30,29,32
dr_digital_circus_v2b,10/02/2026 2:50,23,30,14
dr_berlin_redux_v8d2,10/02/2026 3:04,22,23,36
dr_birmingham_b5,10/02/2026 3:40,28,22,36
dr_ytmnd,10/02/2026 4:16,19,28,38
dr_lazytown_xmas,10/02/2026 4:54,15,19,36
dr_squid_game_v2a,10/02/2026 5:30,15,15,32
dr_minecraft_movie_b9,10/02/2026 6:02,17,15,21
dr_ancient_memes,10/02/2026 6:23,15,17,31
dr_hawk_tuah_b2ah,10/02/2026 6:54,8,15,26
dr_supermarket_v4b,10/02/2026 7:20,11,8,34
dr_traffic_jam_v2b,10/02/2026 7:54,16,11,37
dr_bank_v13,10/02/2026 8:31,18,16,32
dr_berlin_redux_v8d2,10/02/2026 9:03,21,18,31
dr_lazytown_xmas,10/02/2026 9:34,21,21,31
dr_office_skial_ultimate_final,10/02/2026 10:05,30,21,33
dr_junglemines_v7,10/02/2026 10:38,30,30,34
dr_birmingham_b5,10/02/2026 11:12,29,30,32
dr_stupidity_v3d,10/02/2026 11:44,25,29,32
dr_weedfortress_b5b,10/02/2026 12:16,20,25,23
dr_supermarket_v4b,10/02/2026 12:39,24,20,35
dr_office_skial_ultimate_final,10/02/2026 13:14,28,24,31
dr_cocainum_xmas_morning_final,10/02/2026 13:45,28,28,30
dr_trump_tower_redux_v2b,10/02/2026 14:15,31,28,34
dr_lazytown_xmas,10/02/2026 14:49,26,31,32
dr_weedfortress_b5b,10/02/2026 15:21,31,26,36
dr_supermarket_v4b,10/02/2026 15:57,30,31,33
dr_breadland_v3b,10/02/2026 16:30,25,30,32
dr_office_skial_ultimate_final,10/02/2026 17:02,30,25,35
dr_ancient_memes,10/02/2026 17:37,31,30,31
dr_playstation_final,10/02/2026 18:08,31,31,35
dr_pokemon_b3c,10/02/2026 18:43,28,31,35
dr_lazytown_xmas,10/02/2026 19:18,28,28,32
dr_la_meltdown_3c,10/02/2026 19:50,30,28,31
dr_trump_tower_redux_v2b,10/02/2026 20:21,29,30,33
dr_playstation_final,10/02/2026 20:54,32,29,31
dr_safety_first_final,10/02/2026 21:25,28,32,34
dr_bank_v13,10/02/2026 21:59,26,28,33
dr_among_us_v2a,10/02/2026 22:32,22,26,32
dr_pq_122,10/02/2026 23:04,27,22,32
dr_boomershooter_b9_skial,10/02/2026 23:36,27,27,30
---------------------------------------------------------,,,,
dr_birmingham_b5,11/02/2026 0:11,25,27,38
dr_playstation_final,11/02/2026 0:49,26,25,33
dr_supermarket_v4b,11/02/2026 1:22,28,26,33
dr_diddydoit_v1_2,11/02/2026 1:55,21,28,33
dr_nostalgia_roblox_v2a,11/02/2026 2:28,18,21,37
dr_among_us_v2a,11/02/2026 3:05,15,18,24
dr_skibidi_toilet_xmas_fix2b1,11/02/2026 3:29,1,15,12
dr_pq_122,11/02/2026 3:41,3,1,48
dr_traffic_jam_v2b,11/02/2026 4:29,2,3,32
dr_supermarket_v4b,11/02/2026 5:01,0,2,30
dr_playstation_final,11/02/2026 5:31,2,0,23
dr_tf2_museum_v5_skial,11/02/2026 5:54,4,2,7
dr_ytmnd,11/02/2026 6:01,0,4,32
dr_playstation_final,11/02/2026 6:33,3,0,63
dr_bank_v13,11/02/2026 7:36,6,3,62
dr_lazytown_xmas,11/02/2026 8:38,15,6,31
dr_super_mario_bros_v2e,11/02/2026 9:09,27,15,29
dr_spongebob_tf2_v2a,11/02/2026 9:38,27,27,15
dr_safety_first_final,11/02/2026 9:53,24,27,25
dr_ytmnd,11/02/2026 10:18,25,24,38
dr_tf2_museum_v5_skial,11/02/2026 10:56,26,25,31
dr_stupidity_v3d,11/02/2026 11:27,27,26,26
dr_supermarket_v4b,11/02/2026 11:53,23,27,32
dr_lazytown_xmas,11/02/2026 12:25,32,23,61
dr_trump_tower_redux_v2b,11/02/2026 13:26,22,32,36
dr_weedfortress_b5b,11/02/2026 14:02,17,22,30
dr_supermarket_v4b,11/02/2026 14:32,31,17,34
dr_office_skial_ultimate_final,11/02/2026 15:06,30,31,32
dr_ancient_memes,11/02/2026 15:38,30,30,34
dr_super_mario_bros_v2e,11/02/2026 16:12,24,30,37
dr_supermarket_v4b,11/02/2026 16:49,27,24,32
dr_playstation_final,11/02/2026 17:21,25,27,65
dr_digital_circus_v2b,11/02/2026 18:26,22,25,31
dr_super_mario_bros_v2e,11/02/2026 18:57,26,22,30
dr_junglemines_v7,11/02/2026 19:27,30,26,32
dr_supermarket_v4b,11/02/2026 19:59,31,30,33
dr_portal2_b9,11/02/2026 20:32,30,31,32
dr_playstation_final,11/02/2026 21:04,23,30,39
dr_ancient_memes,11/02/2026 21:43,28,23,31
dr_birmingham_b5,11/02/2026 22:14,24,28,31
dr_safety_first_final,11/02/2026 22:45,23,24,31
dr_weedfortress_b5b,11/02/2026 23:16,24,23,30
dr_pq_122,11/02/2026 23:46,23,24,30
dr_junglemines_v7,12/02/2026 0:19,24,23,33
dr_playstation_final,12/02/2026 0:52,26,24,61
dr_lazytown_xmas,12/02/2026 1:53,16,26,36
dr_supermarket_v4b,12/02/2026 2:29,19,16,36
dr_nostalgia_roblox_v2a,12/02/2026 3:05,23,19,34
dr_birmingham_b5,12/02/2026 3:39,21,23,32
dr_digital_circus_v2b,12/02/2026 4:11,29,21,32
dr_among_us_v2a,12/02/2026 4:43,24,29,31
dr_bazinga_remake_b1b,12/02/2026 5:14,20,24,34
dr_berlin_redux_v8d2,12/02/2026 5:48,20,20,38
dr_ytmnd,12/02/2026 6:26,27,20,35
dr_lazytown_xmas,12/02/2026 7:01,30,27,33
dr_playstation_final,12/02/2026 7:34,23,30,32
dr_bazinga_remake_b1b,12/02/2026 8:06,20,23,30
dr_newgrounds_hq_xmas,12/02/2026 8:36,21,20,39
dr_bank_v13,12/02/2026 9:15,29,21,17
dr_nostalgia_roblox_v2a,12/02/2026 9:32,29,29,33
dr_weedfortress_b5b,12/02/2026 10:05,28,29,30
dr_stupidity_v3d,12/02/2026 10:35,28,28,31
dr_berlin_redux_v8d2,12/02/2026 11:06,23,28,66
dr_windows_xp_skial_edition_fin,12/02/2026 12:12,25,23,24
dr_supermarket_v4b,12/02/2026 12:36,29,25,66
dr_digital_circus_v2b,12/02/2026 13:42,30,29,30
dr_portal2_b9,12/02/2026 14:12,28,30,34
dr_breadland_v3b,12/02/2026 14:46,14,28,33
dr_office_skial_ultimate_final,12/02/2026 15:19,22,14,33
dr_berlin_redux_v8d2,12/02/2026 15:52,21,22,30
dr_ancient_memes,12/02/2026 16:22,29,21,33
dr_junglemines_v7,12/02/2026 16:55,27,29,30
dr_digital_circus_v2b,12/02/2026 17:25,27,27,32
dr_pokemon_b3c,12/02/2026 17:57,28,27,35
dr_squid_game_v2a,12/02/2026 18:32,30,28,36
dr_nostalgia_roblox_v2a,12/02/2026 19:08,29,30,31
dr_birmingham_b5,12/02/2026 19:39,32,29,32
dr_junglemines_v7,12/02/2026 20:11,27,32,30
dr_la_meltdown_3c,12/02/2026 20:41,32,27,33
dr_digital_circus_v2b,12/02/2026 21:14,20,32,30
dr_office_skial_ultimate_final,12/02/2026 21:44,21,20,31
dr_skibidi_toilet_xmas_fix2b1,12/02/2026 22:15,31,21,32
dr_lazytown_xmas,12/02/2026 22:47,29,31,32
dr_playstation_final,12/02/2026 23:19,29,29,34
dr_bank_v13,12/02/2026 23:53,23,29,30
dr_bazinga_remake_b1b,13/02/2026 00:26,23,23,18
dr_newgrounds_hq_xmas,13/02/2026 00:44,17,23,33
dr_supermarket_v4b,13/02/2026 01:17,24,17,41
dr_super_mario_bros_v2e,13/02/2026 01:58,27,24,30
dr_spongebob_tf2_v2a,13/02/2026 02:28,27,27,32
dr_breadland_v3b,13/02/2026 03:00,18,27,63
dr_digital_circus_v2b,13/02/2026 04:03,18,18,34
dr_safety_first_final,13/02/2026 04:37,20,18,34
dr_skibidi_toilet_xmas_fix2b1,13/02/2026 05:11,19,20,30
dr_weedfortress_b5b,13/02/2026 05:41,20,19,33
dr_minecraft_movie_b9,13/02/2026 06:14,28,20,31
dr_supermarket_v4b,13/02/2026 06:45,24,28,32
dr_playstation_final,13/02/2026 07:17,24,24,39
dr_birmingham_b5,13/02/2026 07:56,31,24,32
dr_windows_xp_skial_edition_fin,13/02/2026 08:28,26,31,31
dr_traffic_jam_v2b,13/02/2026 08:59,22,26,35
dr_pokemon_b3c,13/02/2026 09:34,31,22,36
dr_lazytown_xmas,13/02/2026 10:10,24,31,31
dr_office_skial_ultimate_final,13/02/2026 10:41,29,24,31
dr_minecraft_movie_b9,13/02/2026 11:12,32,29,31
dr_stupidity_v3d,13/02/2026 11:43,28,32,33
dr_lazytown_xmas,13/02/2026 12:16,29,28,33
dr_digital_circus_v2b,13/02/2026 12:49,29,29,32
dr_birmingham_b5,13/02/2026 13:21,28,29,31
dr_bank_v13,13/02/2026 13:52,28,28,34
dr_berlin_redux_v8d2,13/02/2026 14:26,29,28,30
dr_weedfortress_b5b,13/02/2026 14:56,27,29,31
dr_la_meltdown_3c,13/02/2026 15:27,31,27,41
dr_cocainum_xmas_morning_final,13/02/2026 16:08,32,31,31
dr_ancient_memes,13/02/2026 16:39,31,32,28
dr_among_us_v2a,13/02/2026 17:07,28,31,14
dr_pq_122,13/02/2026 17:21,31,28,37
dr_lazytown_xmas,13/02/2026 17:58,28,31,33
dr_office_skial_ultimate_final,13/02/2026 18:31,28,28,35
dr_weedfortress_b5b,13/02/2026 19:06,30,28,36
dr_junglemines_v7,13/02/2026 19:42,30,30,32
dr_safety_first_final,13/02/2026 20:14,28,30,32
dr_playstation_final,13/02/2026 20:46,29,28,34
dr_stupidity_v3d,13/02/2026 21:20,31,29,34
dr_nostalgia_roblox_v2a,13/02/2026 21:54,29,31,32
dr_windows_xp_skial_edition_fin,13/02/2026 22:26,28,29,30
dr_supermarket_v4b,13/02/2026 22:56,31,28,34
dr_squid_game_v2a,13/02/2026 23:30,32,31,35
dr_ytmnd,14/02/2026 00:05,31,32,35
dr_la_meltdown_3c,14/02/2026 00:40,29,31,32
dr_lazytown_xmas,14/02/2026 01:12,24,29,32
dr_supermarket_v4b,14/02/2026 01:44,24,24,15
dr_among_us_v2a,14/02/2026 01:59,24,24,35
dr_stupidity_v3d,14/02/2026 02:34,28,24,32
dr_ancient_memes,14/02/2026 03:06,27,28,32
dr_birmingham_b5,14/02/2026 03:38,29,27,33
dr_trump_tower_redux_v2b,14/02/2026 04:11,29,29,31
dr_traffic_jam_v2b,14/02/2026 04:42,22,29,33
dr_ytmnd,14/02/2026 05:15,28,22,36
dr_birmingham_b5,14/02/2026 05:51,26,28,31
dr_lazytown_xmas,14/02/2026 06:22,23,26,31
dr_playstation_final,14/02/2026 06:53,30,23,33
dr_ytmnd,14/02/2026 07:26,32,30,34
dr_ancient_memes,14/02/2026 08:00,31,32,35
dr_traffic_jam_v2b,14/02/2026 08:35,30,31,31
dr_aztecan_redux_v3,14/02/2026 09:06,28,30,31
dr_stupidity_v3d,14/02/2026 09:37,23,28,32
dr_windows_xp_skial_edition_fin,14/02/2026 10:09,29,23,30
dr_bank_v13,14/02/2026 10:39,28,29,33
dr_ytmnd,14/02/2026 11:12,29,28,32
dr_berlin_redux_v8d2,14/02/2026 11:44,20,29,35
dr_stupidity_v3d,14/02/2026 12:19,28,20,35
dr_ancient_memes,14/02/2026 12:54,31,28,34
dr_digital_circus_v2b,14/02/2026 13:28,28,31,33
dr_office_skial_ultimate_final,14/02/2026 14:01,28,28,34
dr_diddydoit_v1_2,14/02/2026 14:35,31,28,35
dr_lazytown_xmas,14/02/2026 15:10,32,31,31
dr_playstation_final,14/02/2026 15:41,28,32,64
dr_pokemon_b3c,14/02/2026 16:45,30,28,34
dr_ancient_memes,14/02/2026 17:19,32,30,33
dr_junglemines_v7,14/02/2026 17:52,31,32,32
dr_office_skial_ultimate_final,14/02/2026 18:24,30,31,22
dr_cocainum_xmas_morning_final,14/02/2026 18:46,27,30,32
dr_la_meltdown_3c,14/02/2026 19:18,32,27,37
dr_bazinga_remake_b1b,14/02/2026 19:55,29,32,14
dr_junglemines_v7,14/02/2026 20:09,29,29,32
dr_supermarket_v4b,14/02/2026 20:41,27,29,33
dr_portal2_b9,14/02/2026 21:14,30,27,32
dr_pokemon_b3c,14/02/2026 21:46,24,30,35
dr_weedfortress_b5b,14/02/2026 22:21,25,24,32
dr_digital_circus_v2b,14/02/2026 22:53,29,25,34
dr_birmingham_b5,14/02/2026 23:27,22,29,31
dr_lazytown_xmas,15/02/2026 00:06,31,22,32
dr_stupidity_v3d,15/02/2026 00:38,29,31,37
dr_digital_circus_v2b,15/02/2026 01:15,31,29,33
dr_supermarket_v4b,15/02/2026 01:48,25,31,36
dr_ancient_memes,15/02/2026 02:24,28,25,32
dr_ytmnd,15/02/2026 02:56,31,28,38
dr_bazinga_remake_b1b,15/02/2026 03:34,25,31,13
dr_birmingham_b5,15/02/2026 03:47,23,25,36
dr_lazytown_xmas,15/02/2026 04:23,25,23,34
dr_supermarket_v4b,15/02/2026 04:57,25,25,37
dr_office_skial_ultimate_final,15/02/2026 05:34,27,25,33
dr_nostalgia_roblox_v2a,15/02/2026 06:07,25,27,31
dr_birmingham_b5,15/02/2026 06:38,31,25,34
dr_tf2_museum_v5_skial,15/02/2026 07:12,32,31,34
dr_ancient_memes,15/02/2026 07:46,31,32,37
dr_digital_circus_v2b,15/02/2026 08:23,32,31,32
dr_ytmnd,15/02/2026 08:55,32,32,18
dr_supermarket_v4b,15/02/2026 09:13,32,32,37
dr_squid_game_v2a,15/02/2026 09:50,30,32,34
dr_nostalgia_roblox_v2a,15/02/2026 10:24,32,30,32
dr_ytmnd,15/02/2026 10:56,32,32,35
dr_scprun_v3_fix,15/02/2026 11:31,32,32,32
dr_hawk_tuah_b2ah,15/02/2026 12:03,27,32,23
dr_trump_tower_redux_v2b,15/02/2026 12:26,30,27,31
dr_stupidity_v3d,15/02/2026 12:57,29,30,34
dr_scprun_v3_fix,15/02/2026 13:31,32,29,37
dr_weedfortress_b5b,15/02/2026 14:08,32,32,33
dr_boomershooter_b9_skial,15/02/2026 14:41,28,32,35
dr_portal2_b9,15/02/2026 15:16,29,28,32
dr_lazytown_xmas,15/02/2026 15:48,29,29,32
dr_breadland_v3b,15/02/2026 16:20,32,29,16
dr_junglemines_v7,15/02/2026 16:36,32,32,32
dr_playstation_final,15/02/2026 17:08,31,32,33
dr_lazytown_xmas,15/02/2026 17:41,32,31,31
dr_la_meltdown_3c,15/02/2026 18:12,32,32,31
dr_digital_circus_v2b,15/02/2026 18:43,32,32,34
dr_windows_xp_skial_edition_fin,15/02/2026 19:17,32,32,33
dr_supermarket_v4b,15/02/2026 19:50,32,32,36
dr_among_us_v2a,15/02/2026 20:26,30,32,19
dr_pokemon_b3c,15/02/2026 20:45,30,30,36
dr_birmingham_b5,15/02/2026 21:21,18,30,34
dr_nostalgia_roblox_v2a,15/02/2026 21:55,31,18,35
dr_minecraft_movie_b9,15/02/2026 22:30,31,31,35
dr_supermarket_v4b,15/02/2026 23:05,29,31,37
dr_playstation_final,15/02/2026 23:42,30,29,30
dr_weedfortress_b5b,16/02/2026 00:14,30,30,33
dr_diddydoit_v1_2,16/02/2026 00:47,26,30,29
dr_pq_122,16/02/2026 01:16,27,26,31
dr_lazytown_xmas,16/02/2026 01:47,19,27,36
dr_junglemines_v7,16/02/2026 02:23,26,19,31
dr_birmingham_b5,16/02/2026 02:54,23,26,37
dr_berlin_redux_v8d2,16/02/2026 03:31,25,23,33
dr_newgrounds_hq_xmas,16/02/2026 04:04,8,25,36
dr_traffic_jam_v2b,16/02/2026 04:40,15,8,38
dr_junglemines_v7,16/02/2026 05:18,14,15,31
dr_ancient_memes,16/02/2026 05:49,21,14,32
dr_supermarket_v4b,16/02/2026 06:21,29,21,32
dr_stupidity_v3d,16/02/2026 06:53,31,29,37
dr_birmingham_b5,16/02/2026 07:30,28,31,26
dr_office_skial_ultimate_final,16/02/2026 07:56,27,28,34
dr_supermarket_v4b,16/02/2026 08:30,32,27,34
dr_berlin_redux_v8d2,16/02/2026 09:04,29,32,31
dr_ancient_memes,16/02/2026 09:35,30,29,31
dr_windows_xp_skial_edition_fin,16/02/2026 10:06,29,30,36
dr_digital_circus_v2b,16/02/2026 10:42,31,29,36
dr_diddydoit_v1_2,16/02/2026 11:18,28,31,37
dr_birmingham_b5,16/02/2026 11:55,29,28,34
dr_tf2_museum_v5_skial,16/02/2026 12:29,29,29,31
dr_lazytown_xmas,16/02/2026 13:00,28,29,35
dr_among_us_v2a,16/02/2026 13:35,32,28,31
dr_weedfortress_b5b,16/02/2026 14:06,27,32,30
dr_ytmnd,16/02/2026 14:36,31,27,34
dr_supermarket_v4b,16/02/2026 15:10,27,31,35
dr_safety_first_final,16/02/2026 15:45,30,27,31
dr_playstation_final,16/02/2026 16:16,23,30,32
dr_bazinga_remake_b1b,16/02/2026 16:48,29,23,32
dr_lazytown_xmas,16/02/2026 17:20,32,29,32
dr_ancient_memes,16/02/2026 17:52,32,32,34
dr_simpsons_redux_final1,16/02/2026 18:26,32,32,30
dr_junglemines_v7,16/02/2026 18:56,32,32,34
dr_la_meltdown_3c,16/02/2026 19:30,32,32,36
dr_super_mario_bros_v2e,16/02/2026 20:06,32,32,33
dr_playstation_final,16/02/2026 20:39,32,32,34
dr_traffic_jam_v2b,16/02/2026 21:13,32,32,30
dr_birmingham_b5,16/02/2026 21:43,30,32,37
dr_la_meltdown_3c,16/02/2026 22:20,29,30,34
dr_weedfortress_b5b,16/02/2026 22:54,31,29,31
dr_berlin_redux_v8d2,16/02/2026 23:25,30,31,32
dr_trump_tower_redux_v2b,16/02/2026 23:57,30,30,30
dr_pq_122,17/02/2026 00:31,25,24,32
dr_playstation_final,17/02/2026 01:03,24,25,41
dr_newgrounds_hq_xmas,17/02/2026 01:44,29,24,35
dr_junglemines_v7,17/02/2026 02:19,28,29,31
dr_cocainum_xmas_morning_final,17/02/2026 02:50,20,28,30
dr_hill_billy_v1ye,17/02/2026 03:20,17,20,32
dr_safety_first_final,17/02/2026 03:52,16,17,19
dr_digital_circus_v2b,17/02/2026 04:11,21,16,32
dr_birmingham_b5,17/02/2026 04:43,21,21,32
dr_supermarket_v4b,17/02/2026 05:15,23,21,34
dr_berlin_redux_v8d2,17/02/2026 05:49,29,23,23
dr_playstation_final,17/02/2026 06:12,0,29,33
dr_weedfortress_b5b,17/02/2026 06:45,14,0,31
dr_portal2_b9,17/02/2026 07:16,28,14,20
dr_ancient_memes,17/02/2026 07:50,21,30,33
dr_nostalgia_roblox_v2a,17/02/2026 08:23,26,21,30
dr_la_meltdown_3c,17/02/2026 08:53,28,26,33
dr_birmingham_b5,17/02/2026 09:26,26,28,37
dr_digital_circus_v2b,17/02/2026 10:03,29,26,35
dr_newgrounds_hq_xmas,17/02/2026 10:38,30,29,34
dr_skibidi_toilet_xmas_fix2b1,17/02/2026 11:12,31,30,35
dr_supermarket_v4b,17/02/2026 11:47,29,31,32
dr_office_skial_ultimate_final,17/02/2026 12:19,27,29,31
dr_simpsons_redux_final1,17/02/2026 12:50,30,27,31
dr_pokemon_b3c,17/02/2026 13:21,30,30,37
dr_ytmnd,17/02/2026 13:58,26,30,33
dr_trump_tower_redux_v2b,17/02/2026 14:31,26,26,31
dr_ancient_memes,17/02/2026 15:02,32,26,33
dr_supermarket_v4b,17/02/2026 15:35,29,32,39
dr_minecraft_movie_b9,17/02/2026 16:14,32,29,32
dr_la_meltdown_3c,17/02/2026 16:46,31,32,33
dr_office_skial_ultimate_final,17/02/2026 17:19,30,31,31
dr_junglemines_v7,17/02/2026 17:50,30,30,31
dr_ancient_memes,17/02/2026 18:21,29,30,34
dr_digital_circus_v2b,17/02/2026 18:55,32,29,32
dr_la_meltdown_3c,17/02/2026 19:27,31,32,38
dr_pokemon_b3c,17/02/2026 20:05,32,31,32
dr_playstation_final,17/02/2026 20:37,28,32,63
dr_lazytown_xmas,17/02/2026 21:40,30,28,31
dr_trump_tower_redux_v2b,17/02/2026 22:11,32,30,40
dr_super_mario_bros_v2e,17/02/2026 22:51,29,32,36
dr_hill_billy_v1ye,17/02/2026 23:27,32,29,34
dr_pq_122,18/02/2026 00:02,24,32,32
dr_playstation_final,18/02/2026 00:34,15,24,32
dr_birmingham_b5,18/02/2026 01:06,22,15,31
dr_berlin_redux_v8d2,18/02/2026 01:37,29,22,31
dr_supermarket_v4b,18/02/2026 02:08,25,29,34
dr_pq_122,18/02/2026 02:42,30,25,33
dr_windows_xp_skial_edition_fin,18/02/2026 03:15,21,30,34
dr_weedfortress_b5b,18/02/2026 03:49,26,21,33
dr_digital_circus_v2b,18/02/2026 04:22,17,26,32
dr_playstation_final,18/02/2026 04:54,24,17,35
dr_supermarket_v4b,18/02/2026 05:29,20,24,35
dr_spongebob_tf2_v2a,18/02/2026 06:04,23,20,27
dr_hawk_tuah_b2ah,18/02/2026 06:31,13,23,22
dr_ancient_memes,18/02/2026 06:53,23,13,38
dr_berlin_redux_v8d2,18/02/2026 07:31,31,23,62
dr_ytmnd,18/02/2026 08:33,24,31,32
dr_lazytown_xmas,18/02/2026 09:05,26,24,30
dr_trump_tower_redux_v2b,18/02/2026 09:35,25,26,33
dr_simpsons_redux_final1,18/02/2026 10:08,30,25,39
dr_junglemines_v7,18/02/2026 10:47,29,30,34
dr_weedfortress_b5b,18/02/2026 11:21,31,29,34
dr_boomershooter_b9_skial,18/02/2026 11:55,28,31,34
dr_la_meltdown_3c,18/02/2026 12:29,25,28,31
dr_office_skial_ultimate_final,18/02/2026 13:00,26,25,34
dr_breadland_v3b,18/02/2026 13:34,28,26,34
dr_ancient_memes,18/02/2026 14:08,29,28,34
dr_birmingham_b5,18/02/2026 14:42,32,29,31
dr_supermarket_v4b,18/02/2026 15:13,25,32,34
dr_newgrounds_hq_xmas,18/02/2026 15:47,32,25,34
dr_diddydoit_v1_2,18/02/2026 16:21,32,32,31
dr_weedfortress_b5b,18/02/2026 16:52,32,32,30
dr_squid_game_v2a,18/02/2026 17:22,27,32,21
dr_digital_circus_v2b,18/02/2026 17:43,30,27,32
dr_ytmnd,18/02/2026 18:15,31,30,31
dr_bank_v13,18/02/2026 18:46,31,31,31
dr_traffic_jam_v2b,18/02/2026 19:17,28,31,33
dr_pq_122,18/02/2026 19:50,26,28,20
dr_la_meltdown_3c,18/02/2026 20:10,29,26,34
dr_supermarket_v4b,18/02/2026 20:44,32,29,34
dr_junglemines_v7,18/02/2026 21:18,32,32,33
dr_spongebob_tf2_v2a,18/02/2026 21:51,30,32,18
dr_trump_tower_redux_v2b,18/02/2026 22:09,27,30,31
dr_playstation_final,18/02/2026 22:40,30,27,37
dr_digital_circus_v2b,18/02/2026 23:17,27,30,34
dr_ytmnd,18/02/2026 23:51,31,27,30
dr_lazytown_xmas,19/02/2026 00:22,32,31,32
dr_birmingham_b5,19/02/2026 00:54,32,32,32
dr_pokemon_b3c,19/02/2026 01:26,26,32,36
dr_minecraft_movie_b9,19/02/2026 02:02,29,26,30
dr_weedfortress_b5b,19/02/2026 02:32,31,29,31
dr_playstation_final,19/02/2026 03:03,32,31,64
dr_bank_v13,19/02/2026 04:07,29,32,31
dr_pokemon_b3c,19/02/2026 04:38,29,29,33
dr_traffic_jam_v2b,19/02/2026 05:11,24,29,35
dr_supermarket_v4b,19/02/2026 05:46,26,24,34
dr_junglemines_v7,19/02/2026 06:20,28,26,35
dr_hawk_tuah_b2ah,19/02/2026 06:55,26,28,35
dr_playstation_final,19/02/2026 07:30,30,26,33
dr_berlin_redux_v8d2,19/02/2026 08:03,27,30,34
dr_diddydoit_v1_2,19/02/2026 08:37,26,27,36
dr_office_skial_ultimate_final,19/02/2026 09:13,32,26,34
dr_tf2_museum_v5_skial,19/02/2026 09:47,31,32,19
dr_trump_tower_redux_v2b,19/02/2026 10:06,30,31,36
dr_pokemon_b3c,19/02/2026 10:42,32,30,33
dr_stupidity_v3d,19/02/2026 11:15,30,32,34
dr_junglemines_v7,19/02/2026 11:49,31,30,30
dr_digital_circus_v2b,19/02/2026 12:19,30,31,33
dr_ytmnd,19/02/2026 12:52,30,30,32
dr_ancient_memes,19/02/2026 13:24,31,30,38
dr_cocainum_xmas_morning_final,19/02/2026 14:02,23,31,32
dr_supermarket_v4b,19/02/2026 14:34,27,23,34
dr_digital_circus_v2b,19/02/2026 15:08,28,27,32
dr_windows_xp_skial_edition_fin,19/02/2026 15:40,29,28,33
dr_lazytown_xmas,19/02/2026 16:13,31,29,31
dr_trump_tower_redux_v2b,19/02/2026 16:44,25,31,33
dr_ancient_memes,19/02/2026 17:17,31,25,35
dr_playstation_final,19/02/2026 17:52,27,31,33
dr_digital_circus_v2b,19/02/2026 18:25,25,27,32
dr_la_meltdown_3c,19/02/2026 18:57,30,25,33
dr_junglemines_v7,19/02/2026 19:30,24,30,36
dr_playstation_final,19/02/2026 20:06,30,24,38
dr_newgrounds_hq_xmas,19/02/2026 20:44,29,30,25
dr_birmingham_b5,19/02/2026 21:09,30,29,35
dr_squid_game_v2a,19/02/2026 21:44,32,30,35
dr_weedfortress_b5b,19/02/2026 22:19,30,32,31
dr_playstation_final,19/02/2026 22:50,32,30,38
dr_lazytown_xmas,19/02/2026 23:28,27,32,31
dr_super_mario_bros_v2e,19/02/2026 23:59,31,27,30
dr_pq_122,20/02/2026 00:33,27,31,17
dr_junglemines_v7,20/02/2026 00:50,30,27,33
dr_weedfortress_b5b,20/02/2026 01:23,31,30,31
dr_birmingham_b5,20/02/2026 01:54,27,31,34
dr_traffic_jam_v2b,20/02/2026 02:28,26,27,33
dr_stupidity_v3d,20/02/2026 03:01,28,26,35
dr_nostalgia_roblox_v2a,20/02/2026 03:36,19,28,32
dr_boomershooter_b9_skial,20/02/2026 04:08,28,19,34
dr_supermarket_v4b,20/02/2026 04:42,13,28,34
dr_playstation_final,20/02/2026 05:16,27,13,38
dr_pq_122,20/02/2026 05:54,27,27,33
dr_boomershooter_b9_skial,20/02/2026 06:27,20,27,24
dr_berlin_redux_v8d2,20/02/2026 06:51,26,20,22
dr_stupidity_v3d,20/02/2026 07:13,29,26,35
dr_windows_xp_skial_edition_fin,20/02/2026 07:48,30,29,32
dr_ancient_memes,20/02/2026 08:20,23,30,32
dr_supermarket_v4b,20/02/2026 08:52,27,23,31
dr_weedfortress_b5b,20/02/2026 09:23,26,27,30
dr_boomershooter_b9_skial,20/02/2026 09:53,28,26,11
dr_pokemon_b3c,20/02/2026 10:04,24,28,15
dr_lazytown_xmas,20/02/2026 10:19,25,24,32
dr_birmingham_b5,20/02/2026 10:51,28,25,32
dr_spongebob_tf2_v2a,20/02/2026 11:23,30,28,34
dr_berlin_redux_v8d2,20/02/2026 11:57,30,30,30
dr_ancient_memes,20/02/2026 12:27,30,30,31
dr_stupidity_v3d,20/02/2026 12:58,32,30,32
dr_skibidi_toilet_xmas_fix2b1,20/02/2026 13:30,25,32,31
dr_pokemon_b3c,20/02/2026 14:01,31,25,31
dr_breadland_v3b,20/02/2026 14:32,28,31,36
dr_hill_billy_v1ye,20/02/2026 15:08,32,28,30
dr_playstation_final,20/02/2026 15:38,32,32,61
dr_pokemon_b3c,20/02/2026 16:39,28,32,28
dr_lazytown_xmas,20/02/2026 17:07,32,28,33
dr_digital_circus_v2b,20/02/2026 17:40,32,32,36
dr_newgrounds_hq_xmas,20/02/2026 18:16,32,32,15
dr_pq_122,20/02/2026 18:31,32,32,33
dr_supermarket_v4b,20/02/2026 19:04,32,32,31
dr_la_meltdown_3c,20/02/2026 19:35,32,32,35
dr_junglemines_v7,20/02/2026 20:10,31,32,36
dr_digital_circus_v2b,20/02/2026 20:46,30,31,30
dr_spongebob_tf2_v2a,20/02/2026 21:16,27,30,33
dr_cocainum_xmas_morning_final,20/02/2026 21:49,31,27,32
dr_traffic_jam_v2b,20/02/2026 22:21,30,31,31
dr_squid_game_v2a,20/02/2026 22:52,27,30,32
dr_birmingham_b5,20/02/2026 23:24,32,27,31
dr_digital_circus_v2b,20/02/2026 23:55,31,32,30
dr_weedfortress_b5b,21/02/2026 00:15,32,31,30
dr_pq_122,21/02/2026 00:45,29,32,36
dr_office_skial_ultimate_final,21/02/2026 01:21,29,29,32
dr_cocainum_xmas_morning_final,21/02/2026 01:53,28,29,33
dr_ytmnd,21/02/2026 02:26,26,28,35
dr_skibidi_toilet_xmas_fix2b1,21/02/2026 03:01,26,26,32
dr_supermarket_v4b,21/02/2026 03:33,21,26,34
dr_pq_122,21/02/2026 04:07,22,21,32
dr_spongebob_tf2_v2a,21/02/2026 04:39,13,22,32
dr_weedfortress_b5b,21/02/2026 05:11,17,13,33
dr_squid_game_v2a,21/02/2026 05:44,26,17,34
dr_birmingham_b5,21/02/2026 06:18,32,26,31
dr_bazinga_remake_b1b,21/02/2026 06:49,32,32,35
dr_pq_122,21/02/2026 07:24,32,32,34
dr_portal2_b9,21/02/2026 07:58,29,32,33
dr_digital_circus_v2b,21/02/2026 08:31,22,29,17
dr_ancient_memes,21/02/2026 08:48,22,22,31
dr_traffic_jam_v2b,21/02/2026 09:19,28,22,35
dr_bank_v13,21/02/2026 09:54,30,28,33
dr_office_skial_ultimate_final,21/02/2026 10:27,31,30,35
dr_lazytown_xmas,21/02/2026 11:02,29,31,30
dr_ytmnd,21/02/2026 11:32,30,29,36
dr_birmingham_b5,21/02/2026 12:08,32,30,18
dr_ancient_memes,21/02/2026 12:26,32,32,36
dr_la_meltdown_3c,21/02/2026 13:02,21,32,32
dr_diddydoit_v1_2,21/02/2026 13:34,32,21,30
dr_pq_122,21/02/2026 14:04,29,32,35
dr_office_skial_ultimate_final,21/02/2026 14:39,28,29,35
dr_ancient_memes,21/02/2026 15:14,31,28,33
dr_ytmnd,21/02/2026 15:47,32,31,23
dr_ilikespace_rc7,21/02/2026 16:10,32,32,31
dr_birmingham_b5,21/02/2026 16:41,31,32,34
dr_minecraft_movie_b9,21/02/2026 17:15,31,31,15
dr_weedfortress_b5b,21/02/2026 17:30,31,31,32
dr_ilikespace_rc7,21/02/2026 18:02,32,31,32
dr_pokemon_b3c,21/02/2026 18:34,26,32,36
dr_la_meltdown_3c,21/02/2026 19:10,30,26,32
dr_weedfortress_b5b,21/02/2026 19:42,30,30,33
dr_junglemines_v7,21/02/2026 20:15,31,30,31
dr_ilikespace_rc7,21/02/2026 20:46,32,31,34
dr_playstation_final,21/02/2026 21:20,27,32,34
dr_safety_first_final,21/02/2026 21:54,28,27,34
dr_stupidity_v3d,21/02/2026 22:28,32,28,34
dr_birmingham_b5,21/02/2026 23:02,32,32,33
dr_supermarket_v4b,21/02/2026 23:35,32,32,36
dr_ilikespace_rc7,22/02/2026 00:09,27,32,35
dr_lazytown_xmas,22/02/2026 00:44,31,27,38
dr_ancient_memes,22/02/2026 01:22,32,31,34
dr_stupidity_v3d,22/02/2026 01:56,31,32,32
dr_ilikespace_rc7,22/02/2026 02:28,30,31,32
dr_among_us_v2a,22/02/2026 03:00,31,30,30
dr_pq_122,22/02/2026 03:30,31,31,33
dr_junglemines_v7,22/02/2026 04:03,23,31,34
dr_stupidity_v3d,22/02/2026 04:37,18,23,32
dr_simpsons_redux_final1,22/02/2026 05:09,20,18,31
dr_ilikespace_rc7,22/02/2026 05:40,24,20,36
dr_scprun_v3_fix,22/02/2026 06:16,28,24,32
dr_ancient_memes,22/02/2026 06:48,31,28,34
dr_trump_tower_redux_v2b,22/02/2026 07:22,27,31,35
dr_office_skial_ultimate_final,22/02/2026 07:57,32,27,34
dr_nostalgia_roblox_v2a,22/02/2026 08:31,23,32,31
dr_weedfortress_b5b,22/02/2026 09:02,24,23,33
dr_ilikespace_rc7,22/02/2026 09:35,30,24,31
dr_super_mario_bros_v2e,22/02/2026 10:06,31,30,34
dr_lazytown_xmas,22/02/2026 10:40,32,31,34
dr_breadland_v3b,22/02/2026 11:14,28,32,33
dr_pokemon_b3c,22/02/2026 11:47,29,28,32
dr_ilikespace_rc7,22/02/2026 12:19,32,29,34
dr_spongebob_tf2_v2a,22/02/2026 12:53,32,32,32
dr_lazytown_xmas,22/02/2026 13:25,30,32,31
dr_pokemon_b3c,22/02/2026 13:56,29,30,36
dr_ilikespace_rc7,22/02/2026 14:32,28,29,32
dr_playstation_final,22/02/2026 15:04,26,28,64
dr_weedfortress_b5b,22/02/2026 16:08,29,26,33
dr_digital_circus_v2b,22/02/2026 16:41,32,29,32
dr_skibidi_toilet_xmas_fix2b1,22/02/2026 17:13,31,32,31
dr_hawk_tuah_b2ah,22/02/2026 17:44,30,31,17
dr_aztecan_redux_v3,22/02/2026 18:01,30,30,34
dr_diddydoit_v1_2,22/02/2026 18:35,31,30,34
dr_ilikespace_rc7,22/02/2026 19:09,31,31,32
dr_playstation_final,22/02/2026 19:41,28,31,35
dr_stupidity_v3d,22/02/2026 20:16,32,28,35
dr_ramadan_v1_2,22/02/2026 20:51,31,32,33
dr_digital_circus_v2b,22/02/2026 21:24,32,31,35
dr_birmingham_b5,22/02/2026 21:59,21,32,34
dr_traffic_jam_v2b,22/02/2026 22:33,25,21,35
dr_ramadan_v1_2,22/02/2026 23:08,27,25,31
dr_ilikespace_rc7,22/02/2026 23:39,32,27,35
dr_windows_xp_skial_edition_fin,23/02/2026 00:12,30,32,34
dr_junglemines_v7,23/02/2026 00:46,26,30,32
dr_aztecan_redux_v3,23/02/2026 01:18,31,26,35
dr_hawk_tuah_b2ah,23/02/2026 01:53,30,31,33
dr_newgrounds_hq_xmas,23/02/2026 02:26,25,30,32
dr_ramadan_v1_2,23/02/2026 02:58,22,25,35
dr_weedfortress_b5b,23/02/2026 03:33,15,22,32
dr_digital_circus_v2b,23/02/2026 04:05,25,15,31
dr_birmingham_b5,23/02/2026 04:36,19,25,26
dr_ytmnd,23/02/2026 05:02,14,19,34
dr_traffic_jam_v2b,23/02/2026 05:36,12,14,31
dr_among_us_v2a,23/02/2026 06:07,18,12,36
dr_office_skial_ultimate_final,23/02/2026 06:43,26,18,33
dr_diddydoit_v1_2,23/02/2026 07:16,29,26,37
dr_ramadan_v1_2,23/02/2026 07:53,22,29,33
dr_ilikespace_rc7,23/02/2026 08:26,24,22,66
dr_scprun_v3_fix,23/02/2026 09:32,16,24,33
dr_squid_game_v2a,23/02/2026 10:05,27,16,37
dr_pq_122,23/02/2026 10:42,31,27,35
dr_ramadan_v1_2,23/02/2026 11:17,31,31,33
dr_stupidity_v3d,23/02/2026 11:50,31,31,32
dr_junglemines_v7,23/02/2026 12:22,28,31,31
dr_ilikespace_rc7,23/02/2026 12:53,32,28,35
dr_office_skial_ultimate_final,23/02/2026 13:28,30,32,35
dr_supermarket_v4b,23/02/2026 14:03,32,30,36
dr_spongebob_tf2_v2a,23/02/2026 14:39,32,32,24
dr_among_us_v2a,23/02/2026 15:03,32,32,34
dr_ancient_memes,23/02/2026 15:37,24,32,35
dr_traffic_jam_v2b,23/02/2026 16:12,31,24,30
dr_newgrounds_hq_xmas,23/02/2026 16:42,27,31,34
dr_ramadan_v1_2,23/02/2026 17:16,32,27,32
dr_ilikespace_rc7,23/02/2026 17:48,31,32,34
dr_aztecan_redux_v3,23/02/2026 18:22,31,31,31
dr_playstation_final,23/02/2026 18:53,27,31,65
dr_newgrounds_hq_xmas,23/02/2026 19:58,30,27,15
dr_super_mario_bros_v2e,23/02/2026 20:13,32,30,32
dr_spongebob_tf2_v2a,23/02/2026 20:45,31,32,32
dr_ancient_memes,23/02/2026 21:17,30,31,31
dr_supermarket_v4b,23/02/2026 21:48,27,30,32
dr_breadland_v3b,23/02/2026 22:20,23,27,33
dr_scprun_v3_fix,23/02/2026 20:53,29,23,32
dr_playstation_final,23/02/2026 23:25,26,29,40
dr_stupidity_v3d,24/02/2026 00:13,29,26,34
dr_portal2_b9,24/02/2026 00:47,32,29,23
dr_birmingham_b5,24/02/2026 01:10,29,32,31
dr_digital_circus_v2b,24/02/2026 01:41,28,29,31
dr_squid_game_v2a,24/02/2026 02:12,26,28,33
dr_ancient_memes,24/02/2026 02:45,20,26,32
dr_junglemines_v7,24/02/2026 03:17,24,20,31
dr_ramadan_v1_2,24/02/2026 03:48,20,24,36
dr_ilikespace_rc7,24/02/2026 04:24,24,20,32
dr_weedfortress_b5b,24/02/2026 04:56,26,24,35
dr_office_skial_ultimate_final,24/02/2026 05:31,27,26,36
dr_simpsons_redux_final1,24/02/2026 06:07,20,27,25
dr_supermarket_v4b,24/02/2026 06:32,30,20,32
dr_lazytown_xmas,24/02/2026 07:04,29,30,31
dr_trump_tower_redux_v2b,24/02/2026 07:35,29,29,34
dr_bank_v13,24/02/2026 08:09,24,29,32
dr_skibidi_toilet_xmas_fix2b1,24/02/2026 08:41,27,24,34
dr_simpsons_redux_final1,24/02/2026 09:15,26,27,33
dr_ramadan_v1_2,24/02/2026 09:48,21,26,30
dr_cocainum_xmas_morning_final,24/02/2026 10:18,26,21,31
dr_traffic_jam_v2b,24/02/2026 10:49,27,26,36
dr_ilikespace_rc7,24/02/2026 11:25,27,27,33
dr_birmingham_b5,24/02/2026 11:58,30,27,33
dr_supermarket_v4b,24/02/2026 12:31,31,30,34
dr_ramadan_v1_2,24/02/2026 13:05,29,31,34
dr_ilikespace_rc7,24/02/2026 13:39,23,29,34
dr_weedfortress_b5b,24/02/2026 14:13,32,23,33
dr_boomershooter_b9_skial,24/02/2026 14:46,27,32,34
dr_stupidity_v3d,24/02/2026 15:20,27,27,34
dr_bazinga_remake_b1b,24/02/2026 15:54,32,27,32
dr_ramadan_v1_2,24/02/2026 16:26,27,32,33
dr_pq_122,24/02/2026 16:59,32,27,33
dr_birmingham_b5,24/02/2026 17:32,27,32,37
dr_playstation_final,24/02/2026 18:09,29,27,31
dr_junglemines_v7,24/02/2026 18:40,29,29,32
dr_ramadan_v1_2,24/02/2026 19:12,31,29,17
dr_la_meltdown_3c,24/02/2026 19:29,31,31,34
dr_ilikespace_rc7,24/02/2026 20:03,32,31,32
dr_playstation_final,24/02/2026 20:35,32,32,33
dr_lazytown_xmas,24/02/2026 21:08,28,32,31
dr_la_meltdown_3c,24/02/2026 21:39,29,28,38
dr_cocainum_xmas_morning_final,24/02/2026 22:17,32,29,33
dr_birmingham_b5,24/02/2026 22:50,30,32,33
dr_simpsons_redux_final1,24/02/2026 23:23,28,30,23
dr_ramadan_v1_2,24/02/2026 23:46,32,28,30
dr_lazytown_xmas,25/02/2026 00:18,30,32,32
dr_playstation_final,25/02/2026 00:50,18,30,34
dr_pokemon_b3c,25/02/2026 01:24,26,18,36
dr_ilikespace_rc7,25/02/2026 02:00,18,26,30
dr_digital_circus_v2b,25/02/2026 02:30,19,18,37
dr_weedfortress_b5b,25/02/2026 03:07,22,19,32
dr_hawk_tuah_b2ah,25/02/2026 03:39,30,22,37
dr_supermarket_v4b,25/02/2026 04:16,26,30,36
dr_breadland_v3b,25/02/2026 04:52,22,26,34
dr_safety_first_final,25/02/2026 05:26,17,22,32
dr_ramadan_v1_2,25/02/2026 05:58,26,17,33
dr_super_mario_bros_v2e,25/02/2026 06:31,25,26,30
dr_traffic_jam_v2b,25/02/2026 07:01,31,25,31
dr_digital_circus_v2b,25/02/2026 07:32,24,31,33
dr_supermarket_v4b,25/02/2026 08:05,29,24,33
dr_boomershooter_b9_skial,25/02/2026 08:38,28,29,34
dr_ramadan_v1_2,25/02/2026 09:12,32,28,34
dr_stupidity_v3d,25/02/2026 09:46,32,32,31
dr_ytmnd,25/02/2026 10:17,25,32,35
dr_diddydoit_v1_2,25/02/2026 10:52,27,25,31
dr_lazytown_xmas,25/02/2026 11:23,32,27,33
dr_tf2_museum_v5_skial,25/02/2026 11:56,30,32,14
dr_birmingham_b5,25/02/2026 12:10,25,30,35
dr_ancient_memes,25/02/2026 12:45,31,25,31
dr_pq_122,25/02/2026 13:16,32,31,37
dr_nostalgia_roblox_v2a,25/02/2026 13:53,32,32,35
dr_weedfortress_b5b,25/02/2026 14:28,32,32,36
dr_tf2_museum_v5_skial,25/02/2026 15:04,32,32,31
dr_digital_circus_v2b,25/02/2026 15:35,29,32,33
dr_lazytown_xmas,25/02/2026 16:08,32,29,32
dr_cocainum_xmas_morning_final,25/02/2026 16:40,31,32,31
dr_simpsons_redux_final1,25/02/2026 17:11,26,31,32
dr_windows_xp_skial_edition_fin,25/02/2026 17:43,23,26,32
dr_supermarket_v4b,25/02/2026 18:15,32,23,33
dr_among_us_v2a,25/02/2026 18:48,30,32,33
dr_junglemines_v7,25/02/2026 19:21,32,30,35
dr_la_meltdown_3c,25/02/2026 19:56,32,32,35
dr_playstation_final,25/02/2026 20:31,31,32,35
dr_pokemon_b3c,25/02/2026 21:06,32,31,33
dr_lazytown_xmas,25/02/2026 21:39,31,32,35
dr_ramadan_v1_2,25/02/2026 22:14,31,31,36
dr_traffic_jam_v2b,25/02/2026 22:50,28,31,31
dr_junglemines_v7,25/02/2026 23:21,30,28,33
dr_la_meltdown_3c,25/02/2026 23:54,29,30,36
dr_supermarket_v4b,26/02/2026 00:30,31,29,34
dr_super_mario_bros_v2e,26/02/2026 01:04,30,31,34
dr_playstation_final,26/02/2026 01:38,25,30,38
dr_birmingham_b5,26/02/2026 02:16,26,25,31
dr_ancient_memes,26/02/2026 02:47,30,26,31
dr_hawk_tuah_b2ah,26/02/2026 03:18,24,30,36
dr_squid_game_v2a,26/02/2026 03:54,24,24,36
dr_ytmnd,26/02/2026 04:30,27,24,32
dr_safety_first_final,26/02/2026 05:02,24,27,34
dr_supermarket_v4b,26/02/2026 05:36,28,24,35
dr_digital_circus_v2b,26/02/2026 06:11,25,28,31
dr_weedfortress_b5b,26/02/2026 06:42,16,25,32
dr_ancient_memes,26/02/2026 07:14,18,16,32
dr_stupidity_v3d,26/02/2026 07:46,26,18,34
dr_pokemon_b3c,26/02/2026 08:20,19,26,32
dr_ytmnd,26/02/2026 08:52,16,19,30
dr_birmingham_b5,26/02/2026 09:22,10,16,36
dr_stupidity_v3d,26/02/2026 09:58,26,10,32
dr_super_mario_bros_v2e,26/02/2026 10:30,29,26,31
dr_bank_v13,26/02/2026 11:01,23,29,34
dr_traffic_jam_v2b,26/02/2026 11:35,29,23,37
dr_stupidity_v3d,26/02/2026 12:12,22,29,37
dr_breadland_v3b,26/02/2026 12:49,25,22,33
dr_ilikespace_rc7,26/02/2026 13:22,28,25,35
dr_traffic_jam_v2b,26/02/2026 13:57,16,28,31
dr_lazytown_xmas,26/02/2026 14:28,23,16,34
dr_pokemon_b3c,26/02/2026 15:02,32,23,31
dr_playstation_final,26/02/2026 15:33,25,32,35
dr_birmingham_b5,26/02/2026 16:08,25,25,36
dr_digital_circus_v2b,26/02/2026 16:44,25,25,33
dr_diddydoit_v1_2,26/02/2026 17:17,32,25,31
dr_lazytown_xmas,26/02/2026 17:48,28,32,33
dr_playstation_final,26/02/2026 18:21,30,28,69
dr_weedfortress_b5b,26/02/2026 19:30,32,30,34
dr_ilikespace_rc7,26/02/2026 20:04,30,32,34
dr_trump_tower_redux_v2b,26/02/2026 20:38,30,30,37
dr_safety_first_final,26/02/2026 21:15,24,30,34
dr_birmingham_b5,26/02/2026 21:49,31,24,31
dr_birmingham_b6,26/02/2026 22:20,32,31,22
dr_pokemon_b4,26/02/2026 22:42,26,32,64
dr_playstation_final,26/02/2026 23:46,24,26,35
dr_windows_xp_skial_edition_fin,27/02/2026 00:19,24,24,33
dr_breadland_v3b,27/02/2026 00:52,25,24,36
dr_diddydoit_v1_2,27/02/2026 01:28,18,25,35
dr_nostalgia_roblox_v2a,27/02/2026 02:03,16,18,26
dr_squid_game_v2a,27/02/2026 02:29,15,16,38
dr_pokemon_b4,27/02/2026 03:07,21,15,35
dr_spongebob_tf2_v2a,27/02/2026 03:42,14,21,32
dr_digital_circus_v2b,27/02/2026 04:14,18,14,33
dr_stupidity_v3d,27/02/2026 04:47,20,18,35
dr_windows_xp_skial_edition_fin,27/02/2026 05:22,29,20,1
dr_supermarket_v4b,27/02/2026 05:23,29,29,30
dr_safety_first_final,27/02/2026 05:53,31,29,33
dr_birmingham_b6,27/02/2026 06:26,32,31,1
dr_traffic_jam_v2b,27/02/2026 06:27,31,32,9
dr_birmingham_b6,27/02/2026 06:36,30,31,30
dr_playstation_final,27/02/2026 07:06,27,30,31
dr_among_us_v2a,27/02/2026 07:37,28,27,28
dr_ilikespace_rc7,27/02/2026 08:05,22,28,31
dr_pokemon_b4,27/02/2026 08:36,19,22,63
dr_birmingham_b6,27/02/2026 09:39,31,19,34
dr_lazytown_xmas,27/02/2026 10:13,25,31,34
dr_bank_v13,27/02/2026 10:47,31,25,33
dr_super_mario_bros_v2e,27/02/2026 11:20,19,31,36
dr_playstation_final,27/02/2026 11:56,32,19,65
dr_boomershooter_b9_skial,27/02/2026 13:01,4,32,9
dr_la_meltdown_3c,27/02/2026 13:10,8,4,35
dr_pokemon_b4,27/02/2026 13:45,32,8,60
dr_birmingham_b6,27/02/2026 14:45,32,32,30
dr_ilikespace_rc7,27/02/2026 15:15,32,32,31
dr_digital_circus_v2b,27/02/2026 15:46,29,32,31
dr_windows_xp_skial_edition_fin,27/02/2026 16:17,29,29,31
dr_playstation_final,27/02/2026 16:48,30,29,34
dr_pokemon_b4,27/02/2026 17:22,25,30,31
dr_lazytown_xmas,27/02/2026 17:53,30,25,31
dr_weedfortress_b5b,27/02/2026 18:24,32,30,32
dr_minecraft_movie_b9,27/02/2026 18:56,30,32,13
dr_ancient_memes,27/02/2026 19:09,29,30,22
dr_birmingham_b6,27/02/2026 19:31,32,29,32
dr_pokemon_b4,27/02/2026 20:03,32,32,31
dr_la_meltdown_3c,27/02/2026 20:34,32,32,33
dr_junglemines_v7,27/02/2026 21:07,32,32,35
dr_pq_122,27/02/2026 21:42,30,32,36
dr_birmingham_b6,27/02/2026 22:18,30,30,37
dr_ilikespace_rc7,27/02/2026 22:55,28,30,31
dr_weedfortress_b5b,27/02/2026 23:26,27,28,34
dr_supermarket_v4b,28/02/2026 00:00,25,27,36
dr_ramadan_v1_2,28/02/2026 00:36,30,25,33
dr_playstation_final,28/02/2026 01:09,28,30,33
dr_pokemon_b4,28/02/2026 01:42,30,28,33
dr_pq_122,28/02/2026 02:15,27,30,32
dr_ytmnd,28/02/2026 02:47,23,27,40
dr_birmingham_b6,28/02/2026 03:27,31,23,33
dr_ilikespace_rc7,28/02/2026 04:00,32,31,32
dr_digital_circus_v2b,28/02/2026 04:32,29,32,32
dr_windows_xp_skial_edition_fin,28/02/2026 05:04,14,29,35
dr_playstation_final,28/02/2026 05:39,9,14,32
dr_spongebob_tf2_v2a,28/02/2026 06:11,6,9,31
dr_birmingham_b6,28/02/2026 06:42,14,6,32
dr_minecraft_movie_b9,28/02/2026 07:14,20,14,33
dr_breadland_v3b,28/02/2026 07:47,27,20,32
dr_ramadan_v1_2,28/02/2026 08:19,28,27,32
dr_ilikespace_rc7,28/02/2026 08:51,31,28,34
dr_birmingham_b6,28/02/2026 09:25,32,31,36
dr_ancient_memes,28/02/2026 10:01,32,32,35
dr_playstation_final,28/02/2026 10:36,31,32,34
dr_among_us_v2a,28/02/2026 11:10,31,31,31
dr_supermarket_v4b,28/02/2026 11:41,32,31,35
dr_junglemines_v7,28/02/2026 12:16,26,32,32
dr_ramadan_v1_2,28/02/2026 12:48,30,26,35
dr_bank_v13,28/02/2026 13:23,26,30,14
dr_breadland_v3b,28/02/2026 13:37,32,26,36
dr_supermarket_v4b,28/02/2026 14:13,32,32,35
dr_stupidity_v3d,28/02/2026 14:48,24,32,33
dr_birmingham_b6,28/02/2026 15:21,31,24,35
dr_windows_xp_skial_edition_fin,28/02/2026 15:56,31,31,16
dr_ilikespace_rc7,28/02/2026 16:12,31,31,63
dr_ytmnd,28/02/2026 17:15,28,31,38
dr_weedfortress_b5b,28/02/2026 17:53,27,28,32
dr_supermarket_v4b,28/02/2026 18:25,32,27,30
dr_la_meltdown_3c,28/02/2026 18:55,32,32,33
dr_pokemon_b4,28/02/2026 19:28,28,32,33
dr_ancient_memes,28/02/2026 20:01,26,28,14
dr_junglemines_v7,28/02/2026 20:15,27,26,32
dr_pq_122,28/02/2026 20:47,28,27,20
dr_supermarket_v4b,28/02/2026 21:07,31,28,30
dr_playstation_final,28/02/2026 21:37,28,31,33
dr_birmingham_b6,28/02/2026 22:10,28,28,31
dr_ramadan_v1_2,28/02/2026 22:41,29,28,33
dr_diddydoit_v1_2,28/02/2026 23:14,28,29,34
dr_traffic_jam_v2b,28/02/2026 23:48,32,28,30